Accuracy,Precision,Recall,F1 Score
0.9722222222222222,0.9723674022454512,0.9722222222222222,0.9719147627832174
